-- CUSTOMER
INSERT INTO Customer VALUES ('CU001', 'Spencer Martin', 'Male', '81565234112', '03-06-1999')
INSERT INTO Customer VALUES ('CU002', 'Ethan Arnold', 'Male', '81565234113', '03-02-2000')
INSERT INTO Customer VALUES ('CU003', 'Ganyu', 'Female', '81565234114', '11-09-1998')
INSERT INTO Customer VALUES ('CU004', 'Nick Cannella', 'Male', '81565234115', '08-16-1998')
INSERT INTO Customer VALUES ('CU005', 'Peter Mazuryk', 'Male', '81565234116', '07-26-2003')
INSERT INTO Customer VALUES ('CU006', 'Shahzeb Khan', 'Male', '81565234117', '10-08-1993')
INSERT INTO Customer VALUES ('CU007', 'Tyson Ngo', 'Male', '81565234118', '05-05-2000')
INSERT INTO Customer VALUES ('CU008', 'Keqing', 'Female', '81565234119', '09-02-1999')
INSERT INTO Customer VALUES ('CU009', 'Mel', 'Female', '81565234120', '10-02-1999')
INSERT INTO Customer VALUES ('CU010', 'Kyedae Shymko', 'Female', '81565234121', '12-01-2001')
INSERT INTO Customer VALUES ('CU011', 'Ploo', 'Female', '81565234122', '05-02-1998')

-- STAFF
INSERT INTO Staff VALUES('ST001','Eshbon','Male','81479234642','500000')
INSERT INTO Staff VALUES('ST002','Elpis','Female','81312341426','650000')
INSERT INTO Staff VALUES('ST003','Albet','Male','81348811123','700000')
INSERT INTO Staff VALUES('ST004','Jian','Female','81788812352','850000')
INSERT INTO Staff VALUES('ST005','Tomas','Male','81328811611','900000')
INSERT INTO Staff VALUES('ST006','Indrak','Male','81312111657','1200000')
INSERT INTO Staff VALUES('ST007','Pelis','Female','89457235798','21500000')
INSERT INTO Staff VALUES('ST008','Tiok','Male','81318818531','13500000')
INSERT INTO Staff VALUES('ST009','Alek','Male','81392742859','15500000')
INSERT INTO Staff VALUES('ST010','Hesky','Male', '81369390694','17500000')
INSERT INTO Staff VALUES('ST011','Sije','Female','89278263826','19500000')

-- VENDOR
INSERT INTO Vendor VALUES('VE001', 'Tokino Sora', '826321322251', 'GenZero Street', 'tokinosora@holomail.com')
INSERT INTO Vendor VALUES('VE002', 'Hoshimachi Suisei', '826321322252', 'GenZero Street', 'hoshimachisuisei@skymail.com')
INSERT INTO Vendor VALUES('VE003', 'Shirakami Fubuki', '826321322253', 'FromFirst Street', 'shirakamifubuki@hoyomail.com')
INSERT INTO Vendor VALUES('VE004', 'Akai Haato', '826321322254', 'FromFirst Street', 'akaihaato@bingqilingmail.com')
INSERT INTO Vendor VALUES('VE005', 'Subaru Oozora', '826321322255', 'Nakirium Street', 'subaruoozora@gmail.com')
INSERT INTO Vendor VALUES('VE006', 'Minato Aqua', '826321322256', 'Food Street', 'minatoaqua@gmail.com')
INSERT INTO Vendor VALUES('VE007', 'Usada Pekora', '826321322257', 'Fantasy Street', 'usadapekora@alphamail.com')
INSERT INTO Vendor VALUES('VE008', 'Houshou Marine', '826321322258', 'Food Street', 'houshoumarine@gmail.com')
INSERT INTO Vendor VALUES('VE009', 'Kiryu Coco', '826321322259', 'Membasheep Street', 'kiryucoco@gmail.com')
INSERT INTO Vendor VALUES('VE010', 'Tokoyami Towa', '826321322251', 'Food Street', 'tokoyamitowa@grindmail.com')
INSERT INTO Vendor VALUES('VE011', 'Mano Aloe', '826321322251', 'NBLP Street', 'manoaloe@sigmamail.com')

-- ITEM TYPE
INSERT INTO ItemType VALUES('IP001','Cosmetic')
INSERT INTO ItemType VALUES('IP002','Electronic')
INSERT INTO ItemType VALUES('IP003','Drink')
INSERT INTO ItemType VALUES('IP004','Snack')
INSERT INTO ItemType VALUES('IP005','T-Shirt')
INSERT INTO ItemType VALUES('IP006','Food')
INSERT INTO ItemType VALUES('IP007','Cigarette')
INSERT INTO ItemType VALUES('IP008','Bread')
INSERT INTO ItemType VALUES('IP009','Ingredients')
INSERT INTO ItemType VALUES('IP010','Medicine and Vitamin')
INSERT INTO ItemType VALUES('IP011','Gadgets')

-- ITEM
INSERT INTO Item VALUES('IT001','IP007','Gudang Gula Pilter','20000','1')
INSERT INTO Item VALUES('IT002','IP006','Siesta Ciken Naged','40000','3')
INSERT INTO Item VALUES('IT003','IP005','Unik Loh','50000','1')
INSERT INTO Item VALUES('IT004','IP001','Wandah','75000','5')
INSERT INTO Item VALUES('IT005','IP010','Yusiwantausen','7000','1')
INSERT INTO Item VALUES('IT006','IP003','Ultramen Milk','4000','10')
INSERT INTO Item VALUES('IT007','IP009','Sanleg','6000','7')
INSERT INTO Item VALUES('IT008','IP002','Stop Kontak Cabang','2500','1')
INSERT INTO Item VALUES('IT009','IP008','Sari Bread','14000','6')
INSERT INTO Item VALUES('IT010','IP004','Chitota','16000','8')
INSERT INTO Item VALUES('IT011','IP011','Kesing Samsul','20000','1')
INSERT INTO Item VALUES('IT012','IP006','Sosis Sonais','5000','7')

-- SALES TRANSACTION 
INSERT INTO SalesTransaction VALUES('SA001', 'ST001', 'CU001', '10-20-2019')
INSERT INTO SalesTransaction VALUES('SA002', 'ST009', 'CU011', '10-21-2019')
INSERT INTO SalesTransaction VALUES('SA003', 'ST002', 'CU002', '10-26-2019')
INSERT INTO SalesTransaction VALUES('SA004', 'ST010', 'CU010', '11-03-2021')
INSERT INTO SalesTransaction VALUES('SA005', 'ST003', 'CU003', '11-06-2021')
INSERT INTO SalesTransaction VALUES('SA006', 'ST011', 'CU003', '11-11-2021')
INSERT INTO SalesTransaction VALUES('SA007', 'ST004', 'CU004', '11-17-2021')
INSERT INTO SalesTransaction VALUES('SA008', 'ST009', 'CU009', '11-20-2021')
INSERT INTO SalesTransaction VALUES('SA009', 'ST005', 'CU005', '11-23-2021')
INSERT INTO SalesTransaction VALUES('SA010', 'ST008', 'CU005', '11-29-2021')
INSERT INTO SalesTransaction VALUES('SA011', 'ST006', 'CU001', '12-06-2021')
INSERT INTO SalesTransaction VALUES('SA012', 'ST010', 'CU006', '12-13-2021')
INSERT INTO SalesTransaction VALUES('SA013', 'ST007', 'CU007', '12-17-2021')
INSERT INTO SalesTransaction VALUES('SA014', 'ST007', 'CU002', '12-20-2021')
INSERT INTO SalesTransaction VALUES('SA015', 'ST008', 'CU008', '12-25-2021')
INSERT INTO SalesTransaction VALUES('SA016', 'ST011', 'CU008', '12-28-2021')
INSERT INTO SalesTransaction VALUES('SA017', 'ST009', 'CU003', '12-30-2021')
INSERT INTO SalesTransaction VALUES('SA018', 'ST002', 'CU005', '02-16-2021')
INSERT INTO SalesTransaction VALUES('SA019', 'ST001', 'CU010', '02-20-2021')

-- PURCHASE TRANSACTION
INSERT INTO PurchaseTransaction VALUES('PH001', 'ST001', 'VE001', '08-01-2021','08-03-2021')
INSERT INTO PurchaseTransaction VALUES('PH002', 'ST002', 'VE011', '08-04-2021','08-05-2021')
INSERT INTO PurchaseTransaction VALUES('PH003', 'ST004', 'VE002', '08-04-2021','08-06-2021')
INSERT INTO PurchaseTransaction VALUES('PH004', 'ST008', 'VE003', '08-07-2021','08-10-2021')
INSERT INTO PurchaseTransaction VALUES('PH005', 'ST001', 'VE002', '08-11-2021','08-13-2021')
INSERT INTO PurchaseTransaction VALUES('PH006', 'ST011', 'VE002', '08-15-2021','08-18-2021')
INSERT INTO PurchaseTransaction VALUES('PH007', 'ST003', 'VE004', '08-16-2021','08-18-2021')
INSERT INTO PurchaseTransaction VALUES('PH008', 'ST002', 'VE007', '08-16-2021','08-18-2021')
INSERT INTO PurchaseTransaction VALUES('PH009', 'ST002', 'VE008', '08-20-2021','08-24-2021')
INSERT INTO PurchaseTransaction VALUES('PH010', 'ST005', 'VE009', '08-23-2021','08-25-2021')
INSERT INTO PurchaseTransaction VALUES('PH011', 'ST008', 'VE009', '09-27-2021','09-30-2021')
INSERT INTO PurchaseTransaction VALUES('PH012', 'ST009', 'VE001', '09-30-2021','10-01-2021')
INSERT INTO PurchaseTransaction VALUES('PH013', 'ST010', 'VE003', '09-30-2021','10-02-2021')
INSERT INTO PurchaseTransaction VALUES('PH014', 'ST001', 'VE002', '09-30-2021','10-03-2021')
INSERT INTO PurchaseTransaction VALUES('PH015', 'ST006', 'VE010', '10-02-2021','10-14-2021')
INSERT INTO PurchaseTransaction VALUES('PH016', 'ST007', 'VE006', '10-06-2021','10-19-2021')
INSERT INTO PurchaseTransaction VALUES('PH017', 'ST004', 'VE006', '10-08-2021','10-21-2021')
INSERT INTO PurchaseTransaction VALUES('PH018', 'ST004', 'VE006', '10-10-2021', NULL)
INSERT INTO PurchaseTransaction VALUES('PH019', 'ST008', 'VE003', '10-12-2021', NULL)

-- SALES TRANSACTION DETAIL
INSERT INTO SalesTransactionDetail VALUES ('SA001', 'IT001', '30')
INSERT INTO SalesTransactionDetail VALUES ('SA001', 'IT005', '42')
INSERT INTO SalesTransactionDetail VALUES ('SA002', 'IT002', '31')
INSERT INTO SalesTransactionDetail VALUES ('SA016', 'IT003', '13')
INSERT INTO SalesTransactionDetail VALUES ('SA003', 'IT004', '120')
INSERT INTO SalesTransactionDetail VALUES ('SA003', 'IT008', '100')
INSERT INTO SalesTransactionDetail VALUES ('SA004', 'IT011', '150')
INSERT INTO SalesTransactionDetail VALUES ('SA014', 'IT009', '12')
INSERT INTO SalesTransactionDetail VALUES ('SA005', 'IT010', '17')
INSERT INTO SalesTransactionDetail VALUES ('SA005', 'IT004', '8')
INSERT INTO SalesTransactionDetail VALUES ('SA006', 'IT007', '59')
INSERT INTO SalesTransactionDetail VALUES ('SA006', 'IT006', '130')
INSERT INTO SalesTransactionDetail VALUES ('SA007', 'IT001', '70')
INSERT INTO SalesTransactionDetail VALUES ('SA015', 'IT002', '40')
INSERT INTO SalesTransactionDetail VALUES ('SA008', 'IT006', '12')
INSERT INTO SalesTransactionDetail VALUES ('SA008', 'IT004', '32')
INSERT INTO SalesTransactionDetail VALUES ('SA009', 'IT011', '30')
INSERT INTO SalesTransactionDetail VALUES ('SA009', 'IT003', '26')
INSERT INTO SalesTransactionDetail VALUES ('SA010', 'IT007', '16')
INSERT INTO SalesTransactionDetail VALUES ('SA019', 'IT009', '20')
INSERT INTO SalesTransactionDetail VALUES ('SA011', 'IT010', '23')
INSERT INTO SalesTransactionDetail VALUES ('SA011', 'IT004', '20')
INSERT INTO SalesTransactionDetail VALUES ('SA012', 'IT004', '14')
INSERT INTO SalesTransactionDetail VALUES ('SA012', 'IT005', '12')
INSERT INTO SalesTransactionDetail VALUES ('SA013', 'IT011', '70')
INSERT INTO SalesTransactionDetail VALUES ('SA013', 'IT008', '30')
INSERT INTO SalesTransactionDetail VALUES ('SA017', 'IT012', '75')
INSERT INTO SalesTransactionDetail VALUES ('SA018', 'IT003', '7')
INSERT INTO SalesTransactionDetail VALUES ('SA019', 'IT007', '34')

-- PURCHASE TRANSACTION DETAIL
INSERT INTO PurchaseTransactionDetail VALUES('PH001','IT001','40')
INSERT INTO PurchaseTransactionDetail VALUES('PH001','IT004','30')
INSERT INTO PurchaseTransactionDetail VALUES('PH001','IT007','75')
INSERT INTO PurchaseTransactionDetail VALUES('PH001','IT009','30')
INSERT INTO PurchaseTransactionDetail VALUES('PH002','IT002','20')
INSERT INTO PurchaseTransactionDetail VALUES('PH002','IT003','10')
INSERT INTO PurchaseTransactionDetail VALUES('PH003','IT004','10')
INSERT INTO PurchaseTransactionDetail VALUES('PH004','IT006','25')
INSERT INTO PurchaseTransactionDetail VALUES('PH005','IT001','32')
INSERT INTO PurchaseTransactionDetail VALUES('PH005','IT006','20')
INSERT INTO PurchaseTransactionDetail VALUES('PH005','IT010','75')
INSERT INTO PurchaseTransactionDetail VALUES('PH006','IT006','24')
INSERT INTO PurchaseTransactionDetail VALUES('PH007','IT004','25')
INSERT INTO PurchaseTransactionDetail VALUES('PH008','IT003','50')
INSERT INTO PurchaseTransactionDetail VALUES('PH008','IT005','80')
INSERT INTO PurchaseTransactionDetail VALUES('PH008','IT007','12')
INSERT INTO PurchaseTransactionDetail VALUES('PH008','IT008','80')
INSERT INTO PurchaseTransactionDetail VALUES('PH009','IT003','15')
INSERT INTO PurchaseTransactionDetail VALUES('PH010','IT002','60')
INSERT INTO PurchaseTransactionDetail VALUES('PH011','IT002','85')
INSERT INTO PurchaseTransactionDetail VALUES('PH012','IT007','95')
INSERT INTO PurchaseTransactionDetail VALUES('PH013','IT003','20')
INSERT INTO PurchaseTransactionDetail VALUES('PH014','IT005','90')
INSERT INTO PurchaseTransactionDetail VALUES('PH015','IT006','40')
INSERT INTO PurchaseTransactionDetail VALUES('PH015','IT011','300')
INSERT INTO PurchaseTransactionDetail VALUES('PH016','IT011','275')
INSERT INTO PurchaseTransactionDetail VALUES('PH017','IT012','175')
INSERT INTO PurchaseTransactionDetail VALUES('PH018','IT002','135')
INSERT INTO PurchaseTransactionDetail VALUES('PH019','IT010','207')